{"cameraMode":{"drawMode":0,"name":"Shaded","section":"Shading Mode"},"sceneLighting":false,"audioPlay":false,"sceneViewState":{"m_AlwaysRefresh":false,"showFog":true,"showSkybox":false,"showFlares":true,"showImageEffects":true,"showParticleSystems":true,"showVisualEffectGraphs":true,"m_FxEnabled":true},"in2DMode":false,"pivot":{"x":-0.06000041961669922,"y":1.2299998998641968,"z":-8.109999656677246},"rotation":{"x":0.3553255498409271,"y":0.020428983494639398,"z":-0.007927305996418,"w":0.9346209764480591},"size":12.786563873291016,"orthographic":false}